"","x"
"1","outfile.1.a.out"
"2","outfile.1.b.out"
"3","outfile.10.a.out"
"4","outfile.10.b.out"
"5","outfile.11.a.out"
"6","outfile.11.b.out"
"7","outfile.12.a.out"
"8","outfile.12.b.out"
"9","outfile.13.a.out"
"10","outfile.13.b.out"
"11","outfile.14.a.out"
"12","outfile.14.b.out"
"13","outfile.15.a.out"
"14","outfile.15.b.out"
"15","outfile.16.a.out"
"16","outfile.16.b.out"
"17","outfile.17.a.out"
"18","outfile.17.b.out"
"19","outfile.18.a.out"
"20","outfile.18.b.out"
"21","outfile.19.a.out"
"22","outfile.19.b.out"
"23","outfile.2.a.out"
"24","outfile.2.b.out"
"25","outfile.20.a.out"
"26","outfile.20.b.out"
"27","outfile.21.a.out"
"28","outfile.21.b.out"
"29","outfile.22.a.out"
"30","outfile.22.b.out"
"31","outfile.23.a.out"
"32","outfile.23.b.out"
"33","outfile.24.a.out"
"34","outfile.24.b.out"
"35","outfile.25.a.out"
"36","outfile.25.b.out"
"37","outfile.26.a.out"
"38","outfile.26.b.out"
"39","outfile.27.a.out"
"40","outfile.27.b.out"
"41","outfile.28.a.out"
"42","outfile.28.b.out"
"43","outfile.29.a.out"
"44","outfile.29.b.out"
"45","outfile.3.a.out"
"46","outfile.3.b.out"
"47","outfile.30.a.out"
"48","outfile.30.b.out"
"49","outfile.31.a.out"
"50","outfile.31.b.out"
"51","outfile.32.a.out"
"52","outfile.32.b.out"
"53","outfile.33.a.out"
"54","outfile.33.b.out"
"55","outfile.34.a.out"
"56","outfile.34.b.out"
"57","outfile.35.a.out"
"58","outfile.35.b.out"
"59","outfile.36.a.out"
"60","outfile.36.b.out"
"61","outfile.37.a.out"
"62","outfile.37.b.out"
"63","outfile.38.a.out"
"64","outfile.38.b.out"
"65","outfile.39.a.out"
"66","outfile.39.b.out"
"67","outfile.4.a.out"
"68","outfile.4.b.out"
"69","outfile.40.a.out"
"70","outfile.40.b.out"
"71","outfile.41.a.out"
"72","outfile.41.b.out"
"73","outfile.42.a.out"
"74","outfile.42.b.out"
"75","outfile.43.a.out"
"76","outfile.43.b.out"
"77","outfile.44.a.out"
"78","outfile.44.b.out"
"79","outfile.45.a.out"
"80","outfile.45.b.out"
"81","outfile.46.a.out"
"82","outfile.46.b.out"
"83","outfile.47.a.out"
"84","outfile.47.b.out"
"85","outfile.48.a.out"
"86","outfile.48.b.out"
"87","outfile.49.a.out"
"88","outfile.49.b.out"
"89","outfile.5.a.out"
"90","outfile.5.b.out"
"91","outfile.50.a.out"
"92","outfile.50.b.out"
"93","outfile.6.a.out"
"94","outfile.6.b.out"
"95","outfile.7.a.out"
"96","outfile.7.b.out"
"97","outfile.8.a.out"
"98","outfile.8.b.out"
"99","outfile.9.a.out"
"100","outfile.9.b.out"
